src/EmployerPortal.Domain/Services/VoucherOrderService.cs;86
src/EmployerPortal.Domain/StartupRegistration.cs;82
src/EmployerPortal.Test.Integration/Controllers/VoucherOrdersControllerTests.cs;73
src/EmployerPortal.Data/EmployerPortal.Data.csproj;66
src/EmployerPortal.Test.Unit/Services/VoucherOrderServiceTests.cs;65
src/EmployerPortal/Mappers/VoucherOrderMapper.cs;59
src/EmployerPortal/Startup.cs;55
src/EmployerPortal.Data/Repositories/VoucherOrderRepository.cs;52
src/EmployerPortal.Domain/Services/Order/OrderCreationService.cs;48
src/EmployerPortal/Controllers/VoucherOrdersController.cs;47
src/EmployerPortal.Test.Unit/Services/CompanyServiceTests.cs;46
src/EmployerPortal.Domain/Services/CompanyService.cs;44
src/EmployerPortal.Data/DataContext.cs;43
src/EmployerPortal/appsettings.json;42
src/EmployerPortal.Domain/Integration/Tri2/Service/Tri2VoucherOrderService.cs;42
src/EmployerPortal.Domain/Services/EdenredIdentityApiService.cs;39
src/EmployerPortal.Test.Unit/Controllers/VoucherOrderControllerTests.cs;38
src/EmployerPortal/Controllers/UserController.cs;38
src/EmployerPortal.Domain/Config/AppConfig.cs;38
src/EmployerPortal.Data/Repositories/CompanyRepository.cs;35
src/EmployerPortal.Test.Unit/ModelValidation/VoucherOrderValidatorTests.cs;34
src/EmployerPortal/Validators/VoucherDeliveryValidator.cs;34
src/EmployerPortal.Domain/Interfaces/IVoucherOrderService.cs;34
src/EmployerPortal.Data/DataInitializer.cs;33
src/EmployerPortal.Test.Integration/Controllers/CompaniesControllerTests.cs;33
src/EmployerPortal/Mappers/VoucherDeliveryMapper.cs;31
src/EmployerPortal.Domain/Mappers/VoucherOrderMapper.cs;31
src/EmployerPortal.Test.Unit/ModelValidation/VoucherDeliveryValidatorTests.cs;31
src/EmployerPortal.Domain/Services/UserService.cs;31
src/EmployerPortal.Test.Integration/Fakes/EdenredIdentityApiServiceFake.cs;30
src/EmployerPortal.Test.Integration/IntegrationDataInitializer.cs;29
src/EmployerPortal/Mappers/AddressMapper.cs;28
src/EmployerPortal.Domain/Integration/Tri2/Sync/Tri2SyncVoucherOrder.cs;28
src/EmployerPortal/Controllers/CompaniesController.cs;27
src/EmployerPortal.Domain/Services/PaymentStatusService.cs;27
src/EmployerPortal/Mappers/CompanyMapper.cs;27
src/EmployerPortal/Validators/PaymentValidator.cs;27
src/EmployerPortal/Mappers/VoucherPaymentMapper.cs;26
src/EmployerPortal.Test.Unit/Services/OrderCreationServiceTests.cs;25
src/EmployerPortal/Controllers/BaseController.cs;25
src/EmployerPortal.Test.Integration/TestsBase.cs;25
src/EmployerPortal.Domain/Interfaces/ICompanyService.cs;25
src/EmployerPortal.Domain/Services/CreatePaymentService.cs;24
src/EmployerPortal/EmployerPortal.csproj;24
src/EmployerPortal.Test.Unit/Services/PaymentStatusServiceTests.cs;24
src/EmployerPortal/ViewModels/VoucherOrder/GetVoucherOrderResponse.cs;24
src/EmployerPortal/Validators/AddressValidator.cs;24
src/EmployerPortal.Domain/Integration/Tri2/Sync/Tri2SyncCompany.cs;23
src/EmployerPortal.Test.Unit/Controllers/UserControllerTests.cs;23
src/EmployerPortal.Test.Unit/Services/PasswordServiceTests.cs;23
src/EmployerPortal.Data/Models/Company.cs;23
src/EmployerPortal.Data/Models/Address.cs;23
src/EmployerPortal.Domain/Services/Order/VoucherOrderService.cs;22
src/EmployerPortal.Domain/Interfaces/IEdenredIdentityApiService.cs;22
src/EmployerPortal.Test.Unit/ModelValidation/PaymentValidatorTests.cs;22
src/EmployerPortal.Domain/Services/PasswordService.cs;22
src/EmployerPortal.Test.Integration/Controllers/CompanyControllerTests.cs;22
src/EmployerPortal/Controllers/PasswordController.cs;21
src/EmployerPortal.Domain/EmployerPortal.Domain.csproj;21
src/EmployerPortal.Domain/Integration/Tri2/Sync/Tri2SyncContactPerson.cs;21
src/EmployerPortal.Data/Models/VoucherOrder.cs;21
src/EmployerPortal/Validators/VoucherOrderValidator.cs;21
src/EmployerPortal.Test.Unit/ModelValidation/AddressValidatorTests.cs;20
src/EmployerPortal.Domain/Integration/Tri2/Sync/Tri2SyncAddress.cs;20
src/EmployerPortal.Domain/Config/IAppConfig.cs;20
src/EmployerPortal.Test.Unit/Controllers/PasswordControllerTests.cs;20
src/EmployerPortal.Test.Integration/Controllers/PaymentsControllerTests.cs;19
src/EmployerPortal.Domain/Integration/Tri2/Service/Tri2IntegrationService.cs;19
src/EmployerPortal.Data/Repositories/BaseRepository.cs;19
src/EmployerPortal.Domain/Resources/ExceptionMessages.Designer.cs;19
src/EmployerPortal.Domain/Resources/ExceptionMessages.resx;19
src/EmployerPortal.Data/Models/VoucherDelivery.cs;19
src/EmployerPortal.Common/EmployerPortal.Common.csproj;18
src/EmployerPortal.Data/Interfaces/ICompanyRepository.cs;18
src/EmployerPortal.Test.Integration/appsettings.json;18
src/EmployerPortal.Domain/Resources/Constants.cs;18
src/EmployerPortal.Domain/Services/VoucherService.cs;17
src/EmployerPortal.Test.Unit/ModelValidation/CompanyValidatorTests.cs;17
src/EmployerPortal.Domain/Services/Order/VoucherOrderIntegrationService.cs;16
src/EmployerPortal.Domain/Integration/Tri2/Service/Tri2ContactPersonService.cs;16
src/EmployerPortal.Test.Unit/EmployerPortal.Test.Unit.csproj;16
src/EmployerPortal/web.config;16
src/EmployerPortal.Data/Interfaces/IVoucherOrderRepository.cs;16
src/EmployerPortal.Test.Unit/TestBase.cs;16
src/EmployerPortal/Validators/PersonValidator.cs;16
src/EmployerPortal.Data/Models/AddressTypeEnum.cs;16
src/EmployerPortal.Test.Integration/Controllers/VoucherControllerTests.cs;16
src/EmployerPortal.Test.Integration/Controllers/UserControllerTests.cs;15
src/EmployerPortal.Test.Integration/Integration/Tri2/Tri2VoucherOrdersControllerTests.cs;15
src/EmployerPortal.Test.Unit/Services/PaymentServiceTests.cs;15
src/EmployerPortal.Domain/Integration/Tri2/Sync/ITri2SyncVoucherOrder.cs;15
src/EmployerPortal.Test.Unit/Integration/Tri2/Tri2SynchronizationServiceTests.cs;15
src/EmployerPortal.Domain/Mappers/CreatePaymentMapper.cs;15
src/EmployerPortal.Data/Models/Voucher.cs;15
src/EmployerPortal/Controllers/Integration/Tri2/Tri2VoucherOrdersController.cs;14
src/EmployerPortal/appsettings.Dev.json;14
src/EmployerPortal/appsettings.Production.json;14
src/EmployerPortal.Data/Repositories/AddressRepository.cs;14
src/EmployerPortal.Test.Unit/Services/VoucherOrderIntegrationServiceTests.cs;14
src/EmployerPortal/Resources/ValidationMessages.Designer.cs;14
src/EmployerPortal/Resources/ValidationMessages.resx;14
src/EmployerPortal/Resources/Constants.cs;14
src/EmployerPortal/Controllers/VoucherOrderPaymentsController.cs;14
src/EmployerPortal.Domain/Integration/Tri2/Sync/Tri2SynchronizationService.cs;14
src/EmployerPortal/Validators/CreateCompanyBaseValidator.cs;14
src/EmployerPortal.Domain/Services/EdenredCommonMailService.cs;14
src/EmployerPortal.Data/Migrations/201712061215289_init.cs;13
src/EmployerPortal.Test.Integration/EmployerPortal.Test.Integration.csproj;13
src/EmployerPortal/Controllers/LoginController.cs;13
src/EmployerPortal.Domain/Integration/Tri2/Sync/ITri2SyncCompany.cs;13
src/EmployerPortal.Domain/Interfaces/IMailService.cs;13
src/EmployerPortal/Validators/ValidatorHelper.cs;13
src/EmployerPortal.Test.Integration/TestsInit.cs;13
src/EmployerPortal.Test.Unit/Controllers/LogoutControllerTests.cs;13
src/EmployerPortal/Controllers/LogoutController.cs;13
EmployerPortal.sln;13
src/EmployerPortal.Data/Models/VoucherOrderDetails.cs;13
src/EmployerPortal.Test.Unit/Services/VoucherServiceTests.cs;13
src/EmployerPortal/Controllers/CompanyController.cs;13
src/EmployerPortal/appsettings.QA.json;12
src/EmployerPortal.Test.Integration/DatabaseFixture.cs;12
src/EmployerPortal.Test.Unit/Integration/Tri2/Tri2SyncContactPersonTests.cs;12
src/EmployerPortal.Test.Unit/Integration/Tri2/Tri2SyncVoucherOrderTests.cs;12
src/EmployerPortal.Test.Unit/Maksuturva/MaskuturvaClientTests.cs;12
src/EmployerPortal.Test.Unit/TestRegistry.cs;12
src/EmployerPortal.Domain/Services/PaymentService.cs;12
src/EmployerPortal/Controllers/Integration/Tri2/Tri2SynchronizationController.cs;12
src/EmployerPortal.Domain/Integration/Tri2/Sync/ITri2SyncContactPerson.cs;12
src/EmployerPortal/Mappers/PersonMapper.cs;12
src/EmployerPortal/ViewModels/VoucherOrder/CreateVoucherOrderRequest.cs;12
src/EmployerPortal.Test.Integration/Controllers/PasswordControllerTests.cs;12
src/EmployerPortal.Data/Repositories/ContactRepository.cs;12
src/EmployerPortal.Common/Templates/VoucherOrderEmailTemplate.html;12
src/EmployerPortal.Test.Unit/Services/EdenredIdentityApiServiceTests.cs;12
src/EmployerPortal/Validators/BusinessIdValidator.cs;12
src/EmployerPortal.Domain/Models/OrderDto/VoucherOrderDto.cs;12
src/EmployerPortal/Validators/EmailValidator.cs;12
src/EmployerPortal.Data/Migrations/201712061215289_init.resx;12
src/EmployerPortal.Data/Models/VoucherPayment.cs;12
src/EmployerPortal/Controllers/VersionController.cs;12
src/EmployerPortal.Test.Integration/Controllers/VoucherOrderControllerTests.cs;12
src/EmployerPortal.Data/Models/CountryEnum.cs;11
src/EmployerPortal.Domain/EntityEvents/CompanyUpdatedEntityEvent.cs;11
src/EmployerPortal.Domain/Services/Order/VoucherOrderGetService.cs;11
src/EmployerPortal.Test.Integration/Controllers/VoucherOrderPaymentsControllerTests.cs;11
src/EmployerPortal.Test.Unit/Controllers/VoucherFeesControllerTests.cs;11
src/EmployerPortal.Domain/Integration/Tri2/Service/ITri2VoucherOrderService.cs;11
src/EmployerPortal.Domain/IdObfuscation/IdObfuscatorBinder.cs;11
src/EmployerPortal.Domain/IdObfuscation/ObfucatorJsonConverter.cs;11
src/EmployerPortal.Domain/Integration/Tri2/Sync/ITri2SyncAddress.cs;11
src/EmployerPortal.Data/Models/DeliveryMethodEnum.cs;11
src/EmployerPortal.Data/Models/DeliveryStatusEnum.cs;11
src/EmployerPortal.Domain/Interfaces/IOrderCreationService.cs;11
src/EmployerPortal.Domain/Mappers/CompanyMapper.cs;11
src/EmployerPortal/Validators/CreateCompanyRequestValidator.cs;11
src/EmployerPortal/Filters/GlobalExceptionFilter.cs;11
src/EmployerPortal.Domain/Integration/Tri2/Config/Tri2IntegrationConfig.cs;11
src/EmployerPortal.Test.Unit/Controllers/VoucherOrderPaymentsControllerTests.cs;11
src/EmployerPortal.Data/Repositories/VoucherDeliveryRepository.cs;11
src/EmployerPortal.Data/Interfaces/IRepository.cs;11
src/EmployerPortal.Test.Unit/Services/VoucherFeeServiceTests.cs;11
src/EmployerPortal.Test.Integration/project.json;11
src/EmployerPortal.Test.Unit/project.json;11
src/EmployerPortal/project.json;11
src/EmployerPortal.Data/Models/VoucherFeeTypeEnum.cs;10
src/EmployerPortal/Controllers/Integration/Tri2/Tri2ContactPersonsController.cs;10
src/EmployerPortal/appsettings.UAT.json;10
src/EmployerPortal.Domain/Services/Order/VoucherOrderAddService.cs;10
src/EmployerPortal.Test.Unit/Services/VoucherOrderGetServiceTests.cs;10
src/EmployerPortal.Domain/Services/BaseJsonApiService.cs;10
src/EmployerPortal.Test.Unit/IdObfuscation/CryptographicIdObfucatorTests.cs;10
src/EmployerPortal.Test.Unit/ModelValidation/EmailValidatorTests.cs;10
src/EmployerPortal/ViewModels/Company/CreateCompanyRequest.cs;10
src/EmployerPortal/Controllers/PaymentStatusesController.cs;10
src/EmployerPortal.Data/Models/VoucherOrderStatusEnum.cs;10
src/EmployerPortal.Domain/Maksuturva/Client/MaksuturvaClient.cs;10
src/EmployerPortal.Data/Models/PaymentMethodEnum.cs;10
src/EmployerPortal.Data/Models/PaymentStatusEnum.cs;10
src/EmployerPortal/ViewModels/VoucherOrder/GetVoucherOrdersResponse.cs;10
src/EmployerPortal.Data/Migrations/Configuration.cs;10
src/EmployerPortal.Common/project.json;10
src/EmployerPortal.Domain/Interfaces/IVoucherService.cs;10
src/EmployerPortal/Validators/VoucherOrderDetailsValidator.cs;10
src/EmployerPortal/Validators/Constants.cs;10
src/EmployerPortal/Controllers/VoucherController.cs;10
src/EmployerPortal.Test.Unit/Integration/Tri2/Tri2SyncCompanyTests.cs;9
src/EmployerPortal/Controllers/Integration/Tri2/Tri2AddressesController.cs;9
src/EmployerPortal/Controllers/Integration/Tri2/Tri2CompaniesController.cs;9
src/EmployerPortal.Test.Integration/AutoAuthorizeMiddleware.cs;9
src/EmployerPortal.Domain/Integration/Tri2/Service/Tri2AddressService.cs;9
src/EmployerPortal.Data/Models/Payment.cs;9
src/EmployerPortal.Common/Resources/Constants.cs;9
src/EmployerPortal.Domain/IdObfuscation/CryptographicIdObfuscator.cs;9
src/EmployerPortal.Test.Unit/Controllers/LoginControllerTests.cs;9
src/EmployerPortal.HtmlGenerator/Templates/ResetPasswordTemplate.html;9
src/EmployerPortal.Domain/Mappers/PersonMapper.cs;9
src/EmployerPortal.Domain/Interfaces/IUserService.cs;9
src/EmployerPortal.Domain/Services/EdenredCommonApiService.cs;9
src/EmployerPortal.Data/Interfaces/IContactRepository.cs;9
src/EmployerPortal.Common/Templates/NewUserEmailTemplate.html;9
src/EmployerPortal.Common/Templates/OrderPaymentLinkTemplate.html;9
src/EmployerPortal/Validators/PhoneNumberValidator.cs;9
src/EmployerPortal.Test.Integration/Controllers/Integration/Tri2/Tri2VoucherOrdersControllerTests.cs;9
src/EmployerPortal/Controllers/InvoiceController.cs;9
src/EmployerPortal.Test.Unit/ModelValidation/PersonValidatorTests.cs;9
src/EmployerPortal.Test.Unit/Services/EdenredCommonMailServiceTests.cs;9
src/EmployerPortal/Controllers/PaymentMethodsController.cs;9
src/EmployerPortal.Domain/Models/CompanyDto/CompanyDto.cs;9
src/EmployerPortal/Mappers/VoucherOrderDetailsMapper.cs;9
src/EmployerPortal.Test.Unit/Common/FluentValidation/TestExtensions.cs;9
src/EmployerPortal.Data/Repositories/VoucherPaymentRepository.cs;9
src/EmployerPortal/ViewModels/Voucher/VoucherViewModel.cs;9
src/Edenred.Common/project.json;9
src/EmployerPortal.Domain/project.json;9
src/EmployerPortal.Test.Unit/Services/TokenServiceTests.cs;9
src/EmployerPortal/ViewModels/CompanyViewModel.cs;9
src/EmployerPortal.Common/Extensions/EnumExtensions.cs;8
src/EmployerPortal.Common/Extensions/ObjectExtensions.cs;8
src/EmployerPortal.Common/Extensions/StringExtensions.cs;8
src/EmployerPortal.Data/App.config;8
src/EmployerPortal.Data/packages.config;8
src/EmployerPortal.Domain/Services/MailService.cs;8
src/EmployerPortal.Test.Unit/Controllers/UsernameControllerTests.cs;8
src/EmployerPortal.Test.Integration/Fakes/MailServiceFake.cs;8
src/EmployerPortal.Test.Unit/Services/VoucherOrderAddServiceTests.cs;8
src/EmployerPortal.Domain/Mappers/InvoiceMapper.cs;8
src/EmployerPortal.Domain/Integration/Tri2/Service/ITri2ContactPersonService.cs;8
src/EmployerPortal.Domain/Integration/Tri2/Service/Tri2CompanyService.cs;8
src/EmployerPortal.Domain/IdObfuscation/IIdObfuscator.cs;8
src/EmployerPortal.Test.Unit/ModelValidation/CreatePaymentRequestValidatorTests.cs;8
src/EmployerPortal.Test.Unit/ModelValidation/PhoneNumberValidatorTests.cs;8
src/EmployerPortal.Test.Unit/ModelValidation/VoucherOrderDetailsValidatorTests.cs;8
src/EmployerPortal.Domain/Mappers/VoucherDeliveryMapper.cs;8
src/EmployerPortal/Mappers/Integration/Tri2/Tri2VoucherOrderMapper.cs;8
src/EmployerPortal.HtmlGenerator/Templates/NewUserEmailTemplate.html;8
src/EmployerPortal.HtmlGenerator/Templates/VoucherOrderEmailTemplate.html;8
src/EmployerPortal.Domain/Interfaces/IVoucherOrderIntegrationService.cs;8
src/EmployerPortal.Test.Unit/Controllers/PaymentStatusesControllerTests.cs;8
src/EmployerPortal.Domain/Interfaces/IPasswordService.cs;8
src/EmployerPortal/ViewModels/VoucherOrder/VoucherDeliveryRequest.cs;8
src/EmployerPortal.Common/Templates/ResetPasswordTemplate.html;8
src/EmployerPortal/Validators/CreateCompanyWithoutContactRequestValidator.cs;8
src/EmployerPortal.Data/Repositories/BaseRepositoryGeneric.cs;8
src/EmployerPortal.Domain/Interfaces/ICreatePaymentService.cs;8
src/EmployerPortal.Domain/Models/Enums/VoucherOrderSorting.cs;8
src/EmployerPortal.Data/Extensions.cs;8
src/EmployerPortal.Data/Models/Person.cs;8
src/EmployerPortal/Config/AuthConfig.cs;8
src/EmployerPortal.Domain/Services/SmtpMailService.cs;8
src/EmployerPortal.Test.Integration/Controllers/Voucher/OrderTests.cs;8
src/EmployerPortal.Data/Enums/Country.cs;7
src/EmployerPortal/Controllers/BeneficiariesController.cs;7
src/EmployerPortal.Domain/Models/Password/SetNewPasswordRequest.cs;7
src/EmployerPortal.Domain/Integration/Tri2/Service/ITri2AddressService.cs;7
src/EmployerPortal.Domain/Integration/Tri2/Service/ITri2IntegrationService.cs;7
src/EmployerPortal/ViewModels/Integration/Tri2/VoucherOrder/Tri2VoucherOrderPatchRequest.cs;7
src/EmployerPortal.Domain/Services/BeneficiaryService.cs;7
src/EmployerPortal.Domain/Mappers/Integration/Tri2/Tri2CompanyMapper.cs;7
src/EmployerPortal.HtmlGenerator/EmployerPortal.HtmlGenerator.csproj;7
src/EmployerPortal.HtmlGenerator/Templates/OrderPaymentLinkTemplate.html;7
src/EmployerPortal.Domain/Services/PaymentMethodsService.cs;7
src/EmployerPortal.Test.Integration/Controllers/InvoiceControllerTests.cs;7
src/EmployerPortal.Test.Unit/Controllers/CompaniesControllerTests.cs;7
src/EmployerPortal.Domain/Mappers/AddressMapper.cs;7
src/EmployerPortal.Data/Enums/VoucherOrderStatus.cs;7
src/EmployerPortal/Validators/GenericAddressValidator.cs;7
src/EmployerPortal.Domain/Integration/Tri2/Sync/ITri2SynchronizationService.cs;7
src/EmployerPortal.Test.Unit/Controllers/InvoiceControllerTests.cs;7
src/EmployerPortal.Domain/Integration/Tri2/Models/VoucherOrder.cs;7
src/EmployerPortal.Domain/Mappers/CustomerContractRequestViewModelMapper.cs;7
src/EmployerPortal.Test.Unit/Services/EdenredCommonApiServiceTests.cs;7
src/EmployerPortal/Controllers/PaymentsController.cs;7
src/EmployerPortal.Domain/Models/OperationResult.cs;7
src/EmployerPortal.Domain/Services/MailTemplateService.cs;7
src/EmployerPortal.Data/Interfaces/IRepositoryGeneric.cs;7
src/EmployerPortal.Data/Repositories/VoucherOrderDetailsRepository.cs;7
src/EmployerPortal.Test.Integration/Controllers/VouchersControllerTests.cs;7
src/EmployerPortal.Data/Interfaces/IVoucherFeeRepository.cs;7
src/EmployerPortal.Data/Models/ProductCategoryEnum.cs;7
src/EmployerPortal.Data/Models/ProductTypeEnum.cs;7
src/EmployerPortal.Data/Repositories/VoucherFeeRepository.cs;7
src/EmployerPortal.Domain/Interfaces/IVoucherFeeService.cs;7
src/EmployerPortal.Domain/Services/VoucherFeeService.cs;7
src/EmployerPortal/ViewModels/VoucherDeliveryViewModel.cs;7
src/EmployerPortal/Controllers/VouchersController.cs;7
src/EmployerPortal.Common/Extensions/ConfigurationRootExtensions.cs;7
src/EmployerPortal.Test.Unit/Controllers/AuthControllerTests.cs;7
src/EmployerPortal/Controllers/AuthController.cs;7
src/EmployerPortal/Validators/CompanyValidator.cs;7
src/EmployerPortal.Data/Migrations/DefaultValueSqlServerMigrationSqlGenerator.cs;6
src/EmployerPortal.Domain/Formatters/BusinessIdFormatter.cs;6
src/EmployerPortal.Migrator/Program.cs;6
src/EmployerPortal.Test.Integration/Controllers/CountriesControllerTests.cs;6
src/EmployerPortal/ViewModels/Authorization/LoginRequest.cs;6
src/EmployerPortal/ViewModels/Company/UpdateCompanyInfo.cs;6
src/EmployerPortal/ViewModels/User/ChangeUserRequest.cs;6
src/EmployerPortal/ViewModels/User/CreateUserRequest.cs;6
src/EmployerPortal.Domain/Interfaces/IPaymentService.cs;6
src/EmployerPortal.Domain/Mappers/PaymentMapper.cs;6
src/EmployerPortal.Test.Unit/Services/BeneficiaryServiceTests.cs;6
src/EmployerPortal.Domain/EntityEvents/SendEmailOnOrderStatusUpdateEntityEvent.cs;6
src/EmployerPortal.Domain/Integration/Tri2/Validations/Tri2SynchronizationValidator.cs;6
src/EmployerPortal.Domain/Integration/Tri2/Service/ITri2CompanyService.cs;6
src/EmployerPortal/ViewModels/Integration/Tri2/Company/Tri2CompanyViewModel.cs;6
src/EmployerPortal.HtmlGenerator/Templates/ChangedCompanyInformationTemplate.html;6
src/EmployerPortal.Domain/Interfaces/IVoucherOrderGetService.cs;6
src/EmployerPortal/ViewModels/VoucherOrder/GetVoucherOrderBaseResponse.cs;6
src/EmployerPortal.Domain/Integration/Crm/Service/CrmIntegrationService.cs;6
src/EmployerPortal/web.QA.config;6
src/EmployerPortal/Mappers/CreatePaymentMapper.cs;6
src/EmployerPortal/Validators/CreatePaymentRequestValidator.cs;6
src/EmployerPortal/ViewModels/Payments/CreatePaymentRequest.cs;6
src/EmployerPortal.Domain/Models/VoucherDeliveryDto/VoucherDeliveryDto.cs;6
src/EmployerPortal.Common/Templates/InvoiceTemplate.html;6
src/EmployerPortal.Common/ViewModels/VoucherOrderEmailViewModel.cs;6
src/EmployerPortal.Common/ViewModels/NewUserEmailViewModel.cs;6
src/EmployerPortal/Controllers/BaseWithObfuscationController.cs;6
src/EmployerPortal/Mappers/ResetPasswordTokenMapper.cs;6
src/EmployerPortal.Domain/Interfaces/IPaymentStatusService.cs;6
src/EmployerPortal.Domain/IdObfuscation/Config/CypherKeyFromHexConverter.cs;6
src/EmployerPortal.Domain/Maksuturva/Client/IMaksuturvaClient.cs;6
src/EmployerPortal.Domain/IdObfuscation/ObfuscationContractResolver.cs;6
src/EmployerPortal.Domain/Logger/Filters/QueryFilter.cs;6
src/EmployerPortal.Domain/Maksuturva/Extensions/PaymentStatusCodeExtensions.cs;6
src/EmployerPortal.Data/Enums/PaymentStatus.cs;6
src/EmployerPortal.Data/Models/OrderStatusEnum.cs;6
src/EmployerPortal.Data/Models/Product.cs;6
src/EmployerPortal.Domain/Models/PaymentDto/VoucherPaymentDto.cs;6
src/EmployerPortal.Test.Integration/Controllers/UsernameControllerTests.cs;6
src/EmployerPortal/Mappers/VoucherFeeMapper.cs;6
src/EmployerPortal/Mappers/VoucherMapper.cs;6
src/EmployerPortal.Domain/Services/HttpClientService.cs;6
src/EmployerPortal/log4net.config;6
src/EmployerPortal.Data/StartupRegistration.cs;6
src/EmployerPortal.Domain/Services/CountryService.cs;6
src/EmployerPortal.Test.Integration/TestBase.cs;6
src/EmployerPortal/ViewModels/AddressViewModel.cs;6
src/EmployerPortal/ViewModels/VoucherFee/GetVoucherFeeResponse.cs;6
src/EmployerPortal.Data/Migrations/201710040635364_init.resx;6
src/EmployerPortal.Data/Models/User.cs;6
src/EmployerPortal.Common/Attributes/LocalizableDescriptionAttribute.cs;5
src/EmployerPortal.Test.Integration/Integration/Tri2/Tri2CompaniesControllerTests.cs;5
src/EmployerPortal.Test.Unit/ModelValidation/AddressWithTypeValidatorTests.cs;5
src/EmployerPortal.Test.Unit/Services/UserServiceTests.cs;5
src/EmployerPortal/ViewModels/Authorization/AuthorizationResponse.cs;5
src/EmployerPortal.Data/Models/Contact.cs;5
src/EmployerPortal.HtmlGenerator/Templates/InvoiceTemplate.html;5
src/EmployerPortal/Mappers/PaymentMapper.cs;5
src/EmployerPortal.Domain/Interfaces/IBeneficiaryService.cs;5
src/EmployerPortal.Test.Integration/Controllers/BeneficiariesControllerTests.cs;5
src/EmployerPortal.Test.Unit/ModelValidation/CreateUserWithCompanyRequestValidatorTests.cs;5
src/EmployerPortal.Common/Resources/ExceptionMessages.Designer.cs;5
src/EmployerPortal.Common/Resources/ExceptionMessages.resx;5
src/EmployerPortal.HtmlGenerator/Resources/Emails.Designer.cs;5
src/EmployerPortal.HtmlGenerator/Resources/Emails.resx;5
src/EmployerPortal.Domain/Integration/Tri2/Sync/Tri2SyncBase.cs;5
src/EmployerPortal.Domain/Mappers/Integration/Tri2/Tri2VoucherOrderMapper.cs;5
src/EmployerPortal/ViewModels/Integration/Tri2/VoucherOrder/Tri2VoucherOrderViewModel.cs;5
src/EmployerPortal.Common/Hangfire/Config/HangfireConfig.cs;5
src/EmployerPortal.Data/Repositories/PaymentRepository.cs;5
src/EmployerPortal.Test.Integration/Controllers/PaymentStatusesControllerTests.cs;5
src/EmployerPortal/web.Dev.config;5
src/EmployerPortal/web.Production.config;5
src/EmployerPortal/web.UAT.config;5
src/EmployerPortal.Data/Interfaces/IAddressRepository.cs;5
src/EmployerPortal.Domain/Interfaces/IEdenredCommonApiService.cs;5
src/EmployerPortal/ViewModels/Company/GetUserCompanyResponse.cs;5
src/EmployerPortal.Domain/Mappers/Integration/Tri2/Tri2VoucherOderMapper.cs;5
src/EmployerPortal/Authorization/IdentityAuthorization.cs;5
src/EmployerPortal.Domain/Interfaces/IPaymentMethodsService.cs;5
src/EmployerPortal.Domain/Models/MailData.cs;5
src/EmployerPortal.Test.Unit/Maksuturva/CreatePaymentConverterTests.cs;5
src/EmployerPortal.Test.Integration/Controllers/Integration/Tri2/Tri2ContactPersonsControllerTests.cs;5
src/EmployerPortal.Domain/Integration/Tri2/Models/Enums/PaymentStatus.cs;5
src/EmployerPortal.Common/Extensions/UriExtensions.cs;5
src/EmployerPortal.Domain/Helpers/ReferenceNumberHelper.cs;5
src/EmployerPortal.Domain/Logger/LoggerStartupConfig.cs;5
src/EmployerPortal.Data/Interfaces/IVoucherPaymentRepository.cs;5
src/EmployerPortal.Data/Models/VoucherSource.cs;5
src/EmployerPortal/Resources/Messages.Designer.cs;5
src/EmployerPortal/ViewModels/Address/AddressViewModel.cs;5
src/EmployerPortal/ViewModels/Company/CheckCompanyRequest.cs;5
src/EmployerPortal/ViewModels/Company/GetCompanyResponse.cs;5
src/EmployerPortal/ViewModels/Payments/PaymentRequest.cs;5
src/EmployerPortal/ViewModels/Payments/PaymentResponse.cs;5
EmployerPortal.sln.DotSettings;5
src/EmployerPortal/Mappers/PaymentMethodsMapper.cs;5
src/EmployerPortal.Domain/Telemetry/ILog.cs;5
src/EmployerPortal.Domain/Telemetry/Log.cs;5
src/EmployerPortal/ViewModels/Company/CreateCompanyWithoutContactRequest.cs;5
.gitignore;5
src/EmployerPortal.Data/Enums/AddressType.cs;5
src/EmployerPortal.Data/Interfaces/IEntity.cs;5
src/EmployerPortal.Data/Properties/AssemblyInfo.cs;5
src/EmployerPortal.Data/project.json;5
src/EmployerPortal.Domain/Maksuturva/Config/MaksuturvaConfig.cs;5
src/EmployerPortal.Test.Unit/Properties/AssemblyInfo.cs;5
src/EmployerPortal.Test.Unit/Services/CountryServiceTests.cs;5
src/EmployerPortal/Config/SwaggerConfig.cs;5
src/EmployerPortal/EmployerPortal.xproj;5
src/EmployerPortal/ViewModels/Auth/AuthRequest.cs;5
src/EmployerPortal/ViewModels/Country/GetCountryResponse.cs;5
src/EmployerPortal/ViewModels/User/UserCreateRequest.cs;5
src/EmployerPortal.Test.Integration/Controllers/CountryControllerTests.cs;5
src/EmployerPortal/Controllers/CreateVoucherController.cs;5
src/EmployerPortal.Data/Migrations/201708110804248_Initial.cs;5
src/EmployerPortal.Data/Migrations/201709151427323_voucherOrder.cs;5
src/EmployerPortal.Test.Integration/Controllers/VersionControllerTests.cs;5
src/EmployerPortal.Domain/Services/TokenService.cs;5
src/EmployerPortal.Domain/Models/AddressDto/AddressDto.cs;4
src/EmployerPortal.Test.Integration/Controllers/VoucherFeesControllerTests.cs;4
src/EmployerPortal.Test.Integration/Integration/Tri2/Tri2ContactPersonsControllerTests.cs;4
src/EmployerPortal.Test.Unit/ModelValidation/AddressRequestForVoucherOrderValidatorTests.cs;4
src/EmployerPortal.Test.Unit/Services/InvoiceServiceTests.cs;4
src/EmployerPortal/Filters/ModelStateValidationFilter.cs;4
src/EmployerPortal.HtmlGenerator/Templates/PaymentIsReceivedEmailTemplate.html;4
src/EmployerPortal.Common/Logger/Config/Constants.cs;4
src/EmployerPortal.Common/Logger/Interfaces/IQueryLog.cs;4
src/EmployerPortal.Common/Logger/LoggerStartupConfig.cs;4
src/EmployerPortal.Common/Logger/Middlewares/LogRequestMiddleware.cs;4
src/EmployerPortal.Common/Logger/Models/QueryLog.cs;4
src/EmployerPortal.Common/Services/HttpClientService.cs;4
src/EmployerPortal/Controllers/Integration/Tri2/BaseTri2Controller.cs;4
src/EmployerPortal.Test.Integration/Fakes/Tri2IntegrationServiceFake.cs;4
src/EmployerPortal.Test.Unit/Controllers/BeneficiariesControllerTests.cs;4
src/EmployerPortal.Test.Unit/ModelValidation/BusinessIdValidatorTests.cs;4
src/EmployerPortal/Validators/Integration/Tri2/Tri2ContactPersonBaseValidator.cs;4
src/EmployerPortal.Data/Interfaces/EntityEvents/IEntityEventOnUpdate.cs;4
src/EmployerPortal.Domain/EntityEvents/AddUpdatedDateEntityEvent.cs;4
src/EmployerPortal.Domain/Integration/Tri2/Validations/ITri2SynchronizationValidator.cs;4
src/EmployerPortal.Domain/Mappers/Integration/Tri2/Tri2AddressMapper.cs;4
src/EmployerPortal/Mappers/Integration/Tri2/Tri2AddressMapper.cs;4
src/EmployerPortal/Mappers/Integration/Tri2/Tri2CompanyMapper.cs;4
src/EmployerPortal/Mappers/Integration/Tri2/Tri2ContactPersonMapper.cs;4
src/EmployerPortal.HtmlGenerator/Templates/UserInformationChangedTemplate.html;4
src/EmployerPortal.Domain/Services/InvoiceService.cs;4
src/EmployerPortal.HtmlGenerator/Templates/CustomerContractRequestTemplate.html;4
src/EmployerPortal.HtmlGenerator/ViewModels/VoucherOrderEmailViewModel.cs;4
src/EmployerPortal.HtmlGenerator/ViewModels/OrderPaymentLinkViewModel.cs;4
src/EmployerPortal.HtmlGenerator/ViewModels/ResetPasswordViewModel.cs;4
src/EmployerPortal/Validators/CreateVoucherOrderRequestBaseValidator.cs;4
src/EmployerPortal.Domain/Models/OrderDto/CreateOrderResponseDto.cs;4
src/EmployerPortal/ViewModels/VoucherOrder/CreateVoucherOrderResponse.cs;4
src/EmployerPortal/ViewModels/VoucherOrder/VoucherDeliveryResponse.cs;4
src/EmployerPortal.Domain/Integration/Crm/Service/ICrmIntegrationService.cs;4
src/EmployerPortal.HtmlGenerator/HtmlTemplateService.cs;4
src/EmployerPortal.Domain/Integration/Tri2/Models/VoucherOrderPartialUpdateDto.cs;4
src/EmployerPortal/Validators/Integration/Tri2/Tri2VoucherOrderPatchValidator.cs;4
src/EmployerPortal.Domain/Integration/Tri2/Models/VoucherOrderFull.cs;4
src/EmployerPortal/ViewModels/Integration/Tri2/VoucherOrder/Tri2VoucherOrderFullResponse.cs;4
src/EmployerPortal/ViewModels/Integration/Tri2/VoucherOrder/Tri2VoucherOrderFullViewModel.cs;4
src/EmployerPortal.Common/ViewModels/OrderPaymentLinkViewModel.cs;4
src/EmployerPortal.Domain/Services/VoucherOrderIntegrationService.cs;4
src/EmployerPortal/Controllers/AddressController.cs;4
src/EmployerPortal.Data/Resources/Constants.cs;4
src/EmployerPortal/Mappers/ObfuscatedUserIdResolver.cs;4
src/EmployerPortal.Domain/Models/Password/ResetPasswordTokenResponse.cs;4
src/EmployerPortal/Validators/CreateVoucherOrderForNewPersonRequestValidator.cs;4
src/EmployerPortal/ViewModels/PersonViewModel.cs;4
src/EmployerPortal.Domain/Config/VoucherOrderConfig.cs;4
src/EmployerPortal.Domain/Integration/Tri2/Transformers/Tri2EnumTransformer.cs;4
src/EmployerPortal.Domain/Maksuturva/Interfaces/ICreatePaymentConverter.cs;4
src/EmployerPortal.Domain/Mappers/PaymentMethodMapper.cs;4
src/EmployerPortal.Domain/Models/PaymentDto/CreatePaymentRequestDto.cs;4
src/EmployerPortal.Test.Unit/Maksuturva/CheckPaymentStatusConverterTests.cs;4
src/EmployerPortal.Test.Integration/Controllers/Integration/Tri2/Tri2AddressesControllerTests.cs;4
src/EmployerPortal.Test.Integration/Controllers/Integration/Tri2/Tri2CompaniesControllerTests.cs;4
src/EmployerPortal.Common/ViewModels/InvoiceViewModel.cs;4
src/EmployerPortal.Domain/Integration/Tri2/Models/Enums/DeliveryMethod.cs;4
src/EmployerPortal.Domain/Integration/Tri2/Models/Enums/PaymentMethod.cs;4
src/EmployerPortal.Domain/Integration/Tri2/Models/Enums/VoucherOrderStatus.cs;4
src/EmployerPortal.Domain/Models/OrderDto/CreateVoucherOrderDto.cs;4
src/EmployerPortal.Data/Interfaces/ICompanyAddressRepository.cs;4
src/EmployerPortal.Domain/Models/Enums/OperationalStatus.cs;4
src/EmployerPortal.Data/Models/VoucherDeliveryFeeSettings.cs;4
src/EmployerPortal/Controllers/UsernameController.cs;4
src/EmployerPortal/Resources/Messages.resx;4
src/EmployerPortal/ViewModels/Address/AddressResponse.cs;4
src/EmployerPortal/ViewModels/Company/CheckCompanyResponse.cs;4
src/EmployerPortal/ViewModels/Password/ChangePasswordRequest.cs;4
src/EmployerPortal/ViewModels/Version/VersionResponse.cs;4
src/EmployerPortal/ViewModels/PaymentMethods/PaymentMethodsResponse.cs;4
src/EmployerPortal/ViewModels/PaymentMethods/PaymentType.cs;4
src/EmployerPortal.Data/Interfaces/IEntityGeneric.cs;4
src/EmployerPortal.Data/Models/VoucherFee.cs;4
src/EmployerPortal.Common/Enums/Localization.cs;4
src/EmployerPortal.Common/Extensions/ServiceCollectionExtensions.cs;4
src/EmployerPortal.Data/Config/DataConfig.cs;4
src/EmployerPortal.Data/Config/IDataConfig.cs;4
src/EmployerPortal.Data/Enums/OrderStatus.cs;4
src/EmployerPortal.Data/Interfaces/ICountryRepository.cs;4
src/EmployerPortal.Data/Interfaces/IPersonRepository.cs;4
src/EmployerPortal.Data/Repositories/CountryRepository.cs;4
src/EmployerPortal.Data/Repositories/PersonRepository.cs;4
src/EmployerPortal.Data/Repositories/VoucherRepository.cs;4
src/EmployerPortal.Domain/EmployerPortal.Domain.xproj;4
src/EmployerPortal.Domain/Interfaces/ICountryService.cs;4
src/EmployerPortal.Domain/Services/BaseApiService.cs;4
src/EmployerPortal.Test.Integration/Controllers/AuthControllerTests.cs;4
src/EmployerPortal.Test.Integration/Properties/AssemblyInfo.cs;4
src/EmployerPortal.Test.Unit/IdObfuscation/CypherKeyFromHexConverterTests.cs;4
src/EmployerPortal/Mappers/CountryMapper.cs;4
src/EmployerPortal/Mappers/StringMapper.cs;4
src/EmployerPortal/ViewModels/Auth/AuthResponse.cs;4
src/EmployerPortal/ViewModels/Country/CountryViewModel.cs;4
src/EmployerPortal/appsettings.Staging.json;4
src/EmployerPortal.Data/Migrations/201710040635364_init.cs;4
src/EmployerPortal/Controllers/MailController.cs;4
src/EmployerPortal.Test.Unit/Controllers/UsersControllerTests.cs;4
src/EmployerPortal.Test.Integration/Controllers/VoucherFeeControllerTests.cs;4
src/EmployerPortal.Test.Unit/Controllers/VoucherFeeControllerTests.cs;4
src/EmployerPortal.Data/Migrations/201710030738588_init.resx;4
src/EmployerPortal/Mappers/CommonMapper.cs;4
src/EmployerPortal/ViewModels/Voucher/PaymentViewModel.cs;4
src/EmployerPortal/Config/ContainerConfig.cs;4
src/EmployerPortal.Data/Repositories/Repository.cs;4
src/EmployerPortal.Domain/Helpers/SortingHelper.cs;3
src/EmployerPortal.Test.Unit/EntityEvents/SendEmailOnOrderStatusUpdateEntityEventTests.cs;3
src/EmployerPortal/Validators/Integration/Tri2/Tri2AddressBaseValidator.cs;3
src/EmployerPortal.Domain/Models/Enums/BeneficiarySorting.cs;3
src/EmployerPortal.Common/Logger/Logger.cs;3
src/EmployerPortal.Domain/Models/Password/ChangePasswordRequest.cs;3
src/EmployerPortal.Maksuturva/Client/MaksuturvaClient.cs;3
src/EmployerPortal/Controllers/Integration/Tri2/Tri2SyncAddressesController.cs;3
src/EmployerPortal/Controllers/Integration/Tri2/Tri2SyncCompaniesController.cs;3
src/EmployerPortal/Controllers/Integration/Tri2/Tri2SyncContactPersonsController.cs;3
src/EmployerPortal/Controllers/Integration/Tri2/Tri2SyncVoucherOrdersController.cs;3
src/EmployerPortal.Domain/EntityEvents/ContactCreatedEntityEvent.cs;3
src/EmployerPortal.HtmlGenerator/ViewModels/InvoiceViewModel.cs;3
src/EmployerPortal.Test.Unit/Integration/Tri2/Tri2VoucherOrderServiceTests.cs;3
src/EmployerPortal.Test.Unit/Integration/Tri2/Tri2BackgroundSyncTests.cs;3
src/EmployerPortal.Domain/Integration/Tri2/Models/VoucherOrder/VoucherOrderPartialUpdateTri2.cs;3
src/EmployerPortal.Common/Interfaces/IHttpClientService.cs;3
src/EmployerPortal.Common/Services/BaseApiService.cs;3
src/EmployerPortal.Data/Models/Beneficiary.cs;3
src/EmployerPortal.Domain/Models/BeneficiaryDto/GetBeneficiariesResponse.cs;3
src/EmployerPortal.Test.Unit/ModelValidation/CreateCompanyRequestValidatorTests.cs;3
src/EmployerPortal.Test.Unit/ModelValidation/CreateUserRequestValidatorTests.cs;3
src/EmployerPortal/Validators/Integration/Tri2/Tri2CompanyBaseValidator.cs;3
src/EmployerPortal.Domain/EntityEvents/PaymentUpdatedEntityEvent.cs;3
src/EmployerPortal.Domain/EntityEvents/Tri2SynchronizableEntityEvent.cs;3
src/EmployerPortal.Domain/Integration/Tri2/Sync/ITri2Sync.cs;3
src/EmployerPortal.Domain/Resources/Integration/Tri2/ExceptionMessages.Designer.cs;3
src/EmployerPortal.Domain/Resources/Integration/Tri2/ExceptionMessages.resx;3
src/EmployerPortal.Test.Integration/Integration/Tri2/Tri2AddressesControllerTests.cs;3
src/EmployerPortal/ViewModels/Integration/Tri2/Address/Tri2AddressViewModel.cs;3
src/EmployerPortal/ViewModels/Integration/Tri2/ContactPerson/Tri2ContactPersonViewModel.cs;3
src/EmployerPortal.Common/Model/OperationResult.cs;3
src/EmployerPortal.Test.Unit/Services/MailServiceTests.cs;3
src/EmployerPortal.Domain/Interfaces/ICompanyChangedMailService.cs;3
src/EmployerPortal.Domain/Services/CompanyChangedMailService.cs;3
src/EmployerPortal.HtmlGenerator/ViewModels/UserInformationChangedViewModel.cs;3
src/EmployerPortal.HtmlGenerator/ViewModels/CustomerContractRequestViewModel.cs;3
src/EmployerPortal.HtmlGenerator/ViewModels/NewUserEmailViewModel.cs;3
src/EmployerPortal.Domain/Config/NewUserConfig.cs;3
src/EmployerPortal/Validators/CreateUserWithCompanyRequestValidator.cs;3
src/EmployerPortal.Data/Migrations/ReadMe.txt;3
src/EmployerPortal/Authorization/Integration/IntegrationAuthorizationAttribute.cs;3
src/EmployerPortal.Domain/Integration/Tri2/Sync/Try2SyncBase.cs;3
src/EmployerPortal/Validators/Integration/Tri2/Tri2CompanyPostRequestValidator.cs;3
src/EmployerPortal.Common/ViewModels/ResetPasswordViewModel.cs;3
src/EmployerPortal.Domain/Models/Password/CheckResetPasswordTokenRequest.cs;3
src/EmployerPortal/Controllers/VoucherFeesController.cs;3
src/EmployerPortal/ViewModels/Company/CreateCompanyWithContactRequest.cs;3
src/EmployerPortal.Data/Enums/ProductName.cs;3
src/EmployerPortal.Domain/Extensions/FrontEndUrlExtensions.cs;3
src/EmployerPortal.Domain/Interfaces/IVoucherOrderAddService.cs;3
src/EmployerPortal.Domain/Services/PdfService.cs;3
src/EmployerPortal.Test.Unit/Services/PaymentMethodsServiceTests.cs;3
src/EmployerPortal.Domain/Logger/Config/Constants.cs;3
src/EmployerPortal.Domain/Maksuturva/Interfaces/ICheckPaymentStatusConverter.cs;3
src/EmployerPortal.Domain/Maksuturva/Interfaces/IValueFormatter.cs;3
src/EmployerPortal/Mappers/AuthorizationMapper.cs;3
src/EmployerPortal.Domain/Integration/Tri2/Transformers/ITri2EnumTransformer.cs;3
src/EmployerPortal.Domain/Integration/Tri2/Models/ContactPerson.cs;3
src/EmployerPortal.Domain/Integration/Tri2/Models/Address.cs;3
src/EmployerPortal.Domain/Integration/Tri2/Models/Company.cs;3
src/EmployerPortal.Domain/Integration/Tri2/Models/Enums/Product.cs;3
src/EmployerPortal.Common/Init.cs;3
src/EmployerPortal.Domain/Integration/Tri2/Config/ITri2IntegrationConfig.cs;3
src/EmployerPortal.Domain/Maksuturva/Attributes/OptionalStringLengthAttribute.cs;3
src/EmployerPortal.Domain/Maksuturva/Converters/BaseMaksuturvaConverter.cs;3
src/EmployerPortal.Test.Integration/Controllers/AddressControllerTests.cs;3
src/EmployerPortal/Validators/ChangeCompanyInfoValidator.cs;3
src/EmployerPortal/Validators/CreateVoucherOrderRequestValidator.cs;3
src/EmployerPortal.Domain/Maksuturva/Models/CheckPaymentStatus/CheckPaymentStatusResponse.cs;3
src/EmployerPortal.Domain/Maksuturva/Models/CheckPaymentStatus/PaymentStatusCode.cs;3
src/EmployerPortal.Data/Enums/ProductCategory.cs;3
src/EmployerPortal.Data/Enums/ProductType.cs;3
src/EmployerPortal.Data/Interfaces/ITri2Synchronizable.cs;3
src/EmployerPortal.Data/Interfaces/IUpdatable.cs;3
src/EmployerPortal.Data/Models/CompanyAddress.cs;3
src/EmployerPortal.Data/Repositories/CompanyAddressRepository.cs;3
src/EmployerPortal/Validators/AddressWithTypeValidator.cs;3
src/EmployerPortal/ViewModels/Address/AddressWithTypeViewModel.cs;3
src/EmployerPortal.Domain/Logger/Middlewares/LogRequestMiddleware.cs;3
src/EmployerPortal/Mappers/Resolvers/AddressViewModelResolver.cs;3
src/EmployerPortal/ViewModels/VoucherFee/VoucherFeeViewModel.cs;3
src/EmployerPortal.Domain/Models/PaymentDto/PaymentMethodDto.cs;3
src/EmployerPortal.Domain/Models/PaymentDto/PaymentTypeDto.cs;3
src/EmployerPortal/Mappers/Resolvers/AddressResponseResolver.cs;3
global.json;3
src/Edenred.Common/Config/AppConfig.cs;3
src/Edenred.Common/Config/IAppConfig.cs;3
src/Edenred.Common/Edenred.Common.xproj;3
src/Edenred.Common/Properties/AssemblyInfo.cs;3
src/Edenred.Common/Services/TokenService.cs;3
src/Edenred.Common/StartupRegistration.cs;3
src/EmployerPortal.Common/EmployerPortal.Common.xproj;3
src/EmployerPortal.Common/Extensions/DateTimeExtensions.cs;3
src/EmployerPortal.Common/Properties/AssemblyInfo.cs;3
src/EmployerPortal.Common/Utils/Security.cs;3
src/EmployerPortal.Data/EmployerPortal.Data.xproj;3
src/EmployerPortal.Data/Enums/DeliveryMethod.cs;3
src/EmployerPortal.Data/Enums/DeliveryStatus.cs;3
src/EmployerPortal.Data/Enums/PaymentMethod.cs;3
src/EmployerPortal.Data/Enums/VoucherFeeType.cs;3
src/EmployerPortal.Data/Interfaces/IVoucherDeliveryRepository.cs;3
src/EmployerPortal.Data/Interfaces/IVoucherOrderDetailsRepository.cs;3
src/EmployerPortal.Data/Interfaces/IVoucherRepository.cs;3
src/EmployerPortal.Data/Migrations/201711220934477_init.resx;3
src/EmployerPortal.Domain/Attributes/ObfuscateAttribute.cs;3
src/EmployerPortal.Domain/IdObfuscation/Config/CypherConfig.cs;3
src/EmployerPortal.Domain/IdObfuscation/Config/CypherConfigEntry.cs;3
src/EmployerPortal.Domain/Interfaces/IApiService.cs;3
src/EmployerPortal.Domain/Interfaces/IMailTemplateService.cs;3
src/EmployerPortal.Domain/Maksuturva/Converters/CheckPaymentStatusConverter.cs;3
src/EmployerPortal.Domain/Maksuturva/Models/CheckPaymentStatus/CheckPaymentStatusRequest.cs;3
src/EmployerPortal.Domain/Maksuturva/Models/GetPaymentMethods/PaymentMethod.cs;3
src/EmployerPortal.Domain/Maksuturva/Models/GetPaymentMethods/PaymentMethods.cs;3
src/EmployerPortal.Domain/Properties/AssemblyInfo.cs;3
src/EmployerPortal.Test.Integration/EmployerPortal.Test.Integration.xproj;3
src/EmployerPortal.Test.Integration/Security/TokenTests.cs;3
src/EmployerPortal.Test.Integration/TestResponse.cs;3
src/EmployerPortal.Test.Unit/EmployerPortal.Test.Unit.xproj;3
src/EmployerPortal.Test.Unit/Formatters/BusinessIdFormatterTests.cs;3
src/EmployerPortal.Test.Unit/Helpers/RandomStringTests.cs;3
src/EmployerPortal/Program.cs;3
src/EmployerPortal/Properties/launchSettings.json;3
src/EmployerPortal/ViewModels/Authorization/TokenResponse.cs;3
src/EmployerPortal/ViewModels/Error/ErrorResponse.cs;3
src/EmployerPortal/ViewModels/PaymentMethods/PaymentMethod.cs;3
src/EmployerPortal/ViewModels/Payments/CreatePaymentResponse.cs;3
src/EmployerPortal/ViewModels/VoucherOrder/VoucherOrderDetailsRequest.cs;3
src/EmployerPortal/wwwroot/app_offline.template.html;3
src/EmployerPortal.Domain/Models/GetOrdersRequest.cs;3
src/EmployerPortal/ViewModels/Common/IdResponse.cs;3
src/EmployerPortal/ViewModels/Payment/PaymentResponse.cs;3
src/EmployerPortal/Controllers/UsersController.cs;3
src/EmployerPortal.Domain/Security/AuthToken.cs;3
src/EmployerPortal.Domain/Security/TokenProvider.cs;3
src/EmployerPortal/ViewModels/PaymentRequest.cs;3
src/EmployerPortal/Controllers/VoucherFeeController.cs;3
src/EmployerPortal/Controllers/CountryController.cs;3
src/EmployerPortal.Data/Migrations/201709201402555_init.cs;3
src/EmployerPortal/ViewModels/Voucher/CreateVoucherOrderRequest.cs;3
src/EmployerPortal.Data/Migrations/201708110804248_Initial.resx;3
src/EmployerPortal.Data/Migrations/201709151427323_voucherOrder.Designer.cs;3
src/EmployerPortal.Data/Migrations/201709151427323_voucherOrder.resx;3
src/EmployerPortal.Data/Migrations/201709141010581_vo.resx;3
src/EmployerPortal.Data/Enums/VoucherDeliveryMethod.cs;3
src/EmployerPortal.Data/Enums/VoucherDeliveryStatus.cs;3
src/EmployerPortal.Data/Enums/VoucherPaymentMethod.cs;3
src/EmployerPortal.Data/Enums/VoucherPaymentStatus.cs;3
src/EmployerPortal.Data/Migrations/201709081425574_voucher-order.resx;3
src/EmployerPortal.Data/Models/VoucherDeliveryMethodEnum.cs;3
src/EmployerPortal.Data/Models/VoucherDeliveryStatusEnum.cs;3
src/EmployerPortal.Data/Models/VoucherPaymentMethodEnum.cs;3
src/EmployerPortal.Data/Models/VoucherPaymentStatusEnum.cs;3
src/EmployerPortal.Data/Interfaces/IGuidRepository.cs;3
src/EmployerPortal.Data/Repositories/GuidRepository.cs;3
src/EmployerPortal/Validators/ContactPersonValidator.cs;3
src/EmployerPortal.Data/Models/ContactPerson.cs;3
src/EmployerPortal.Data/Migrations/201707311359377_Initial.cs;3
src/EmployerPortal.Domain/Services/ITokenService.cs;3
src/EmployerPortal.Domain/Services/IUserService.cs;3
src/EmployerPortal.Test.Unit/ModelValidation/BeneficiaryViewModelValidatorTests.cs;2
src/EmployerPortal/Validators/Beneficiary/BeneficiaryViewModelValidator.cs;2
src/EmployerPortal.Data/Interfaces/IPpsSynchronizable.cs;2
src/EmployerPortal.Data/Migrations/201801101014171_address_company_name.cs;2
src/EmployerPortal.Data/Migrations/201801260806212_add_payment_public_id.cs;2
src/EmployerPortal.Data/Migrations/201801260957086_add_payment_index.cs;2
src/EmployerPortal.Data/Migrations/201802061043501_Add_company_size.cs;2
src/EmployerPortal.Data/Migrations/201802141140183_PaymentUniqId.cs;2
src/EmployerPortal.Data/Migrations/201802150745014_add_additional_fields_to_order.cs;2
src/EmployerPortal.Data/Migrations/201805090901086_add_company_updated_by.cs;2
src/EmployerPortal.Data/Migrations/201806130622514_reseed_companies.cs;2
src/EmployerPortal.Data/Migrations/201807110923507_add_flag_without_reference_number.cs;2
src/EmployerPortal.Data/Migrations/201807190959237_add_beneficiaries.cs;2
src/EmployerPortal.Data/Models/BeneficiaryGroup.cs;2
src/EmployerPortal.Domain/Mappers/Integration/Tri2/Tri2ContactPersonMapper.cs;2
src/EmployerPortal/Validators/Address/GenericAddressValidator.cs;2
src/EmployerPortal/Validators/Beneficiary/CreateBeneficiaryRequestValidator.cs;2
src/EmployerPortal/Validators/VoucherOrder/CreateVoucherOrderForNewPersonRequestValidator.cs;2
src/EmployerPortal/Validators/VoucherOrder/VoucherDeliveryValidator.cs;2
src/EmployerPortal/ViewModels/Integration/Tri2/Address/Tri2AddressPatchRequest.cs;2
src/EmployerPortal/ViewModels/Integration/Tri2/Company/Tri2CompanyPatchRequest.cs;2
src/EmployerPortal/ViewModels/Integration/Tri2/ContactPerson/Tri2ContactPersonPatchRequest.cs;2
src/EmployerPortal.HtmlGenerator/ViewModels/PaymentIsReceivedEmailViewModel.cs;2
src/EmployerPortal.Common/Logger/Attributes/EnableLoggerAttribute.cs;2
src/EmployerPortal.Common/Logger/Attributes/SensitiveDataAttribute.cs;2
src/EmployerPortal.Common/Logger/Config/LoggerConfig.cs;2
src/EmployerPortal.Common/Logger/Filters/QueryFilter.cs;2
src/EmployerPortal.Common/Logger/Interfaces/ILogger.cs;2
src/EmployerPortal.Common/Logger/Interfaces/ILoggerConfig.cs;2
src/EmployerPortal.Common/Logger/Middlewares/LogResponseMiddleware.cs;2
src/EmployerPortal.Common/Logger/Policies/GetablePropertiesExtensions.cs;2
src/EmployerPortal.Common/Logger/Policies/HideSensitiveDataPolicy.cs;2
src/EmployerPortal.Domain/Integration/Tri2/Sync/Tri2Process.cs;2
src/EmployerPortal/ViewModels/Authorization/RefreshTokenRequest.cs;2
src/EmployerPortal.Data/Migrations/201806150914008_add_beneficiaries.resx;2
src/EmployerPortal.Data/Migrations/201807031141059_add_name_on_card.Designer.cs;2
src/EmployerPortal.Data/Migrations/201807031141059_add_name_on_card.cs;2
src/EmployerPortal.Data/Migrations/201807031141059_add_name_on_card.resx;2
src/EmployerPortal.Data/Migrations/201807061512310_added_marked_to_deletion_to_beneficiary.Designer.cs;2
src/EmployerPortal.Data/Migrations/201807061512310_added_marked_to_deletion_to_beneficiary.cs;2
src/EmployerPortal.Data/Migrations/201807061512310_added_marked_to_deletion_to_beneficiary.resx;2
src/EmployerPortal.Domain/Models/BeneficiaryDto/GetBeneficiariesRequest.cs;2
src/EmployerPortal.Test.Unit/ModelValidation/UserViewModelValidatorTests.cs;2
src/EmployerPortal/Mappers/BeneficiaryMapper.cs;2
src/EmployerPortal/Validators/AcceptTermsAndConditionsRequestValidator.cs;2
src/EmployerPortal/ViewModels/Beneficiary/CreateBeneficiaryRequest.cs;2
src/EmployerPortal.Data/Interfaces/EntityEvents/IEntityEventOnCreate.cs;2
src/EmployerPortal.Domain/EntityEvents/AddCreatedDateEntityEvent.cs;2
src/EmployerPortal.Domain/Models/BeneficiaryDto/GetBeneficiaryResponse.cs;2
src/EmployerPortal.Data/Interfaces/IBeneficiaryRepository.cs;2
src/EmployerPortal.Data/Repositories/BeneficiaryRepository.cs;2
src/EmployerPortal.Domain/Integration/Tri2/Sync/ITri2BackgroundSync.cs;2
src/EmployerPortal.Domain/Integration/Tri2/Sync/Tri2BackgroundSync.cs;2
src/EmployerPortal.Data/Interfaces/EntityEvents/IEntityEventOnUpdateGeneric.cs;2
src/EmployerPortal.HtmlGenerator/Templates/VoucherOrderShippedEmailTemplate.html;2
src/EmployerPortal.Data/Migrations/201805231224552_Add_canceled_order_status.Designer.cs;2
src/EmployerPortal.Data/Migrations/201805231224552_Add_canceled_order_status.cs;2
src/EmployerPortal.Data/Migrations/201805231224552_Add_canceled_order_status.resx;2
src/EmployerPortal.Domain/Config/UserInformationChangedConfig.cs;2
src/EmployerPortal.HtmlGenerator/ViewModels/ChangedCompanyInformationViewModel.cs;2
src/EmployerPortal/ViewModels/Company/GetAlreadyCustomerResponse.cs;2
src/EmployerPortal/ViewModels/User/CreateUserWithCompanyRequest.cs;2
src/EmployerPortal.Domain/Config/IdentityConfig.cs;2
src/EmployerPortal.Test.Integration/Controllers/LoginControllerTests.cs;2
src/EmployerPortal/Validators/AddVoucherOrderPaymentRequestValidator.cs;2
src/EmployerPortal.Common/Templates/CustomerContractRequestTemplate.html;2
src/EmployerPortal.Common/ViewModels/CustomerContractRequestViewModel.cs;2
src/EmployerPortal.Common/Interfaces/IApiService.cs;2
src/EmployerPortal.Domain/Helpers/UniqueIdHelper.cs;2
src/EmployerPortal.Domain/Interfaces/IPdfService.cs;2
src/EmployerPortal/Validators/Integration/Tri2/Tri2AddressPostRequestValidator.cs;2
src/EmployerPortal/Validators/Integration/Tri2/Tri2AddressPutRequestValidator.cs;2
src/EmployerPortal/Validators/Integration/Tri2/Tri2CompanyPutRequestValidator.cs;2
src/EmployerPortal/Validators/Integration/Tri2/Tri2ContactPersonPostValidator.cs;2
src/EmployerPortal/Validators/Integration/Tri2/Tri2ContactPersonPutValidator.cs;2
src/EmployerPortal/ViewModels/Integration/Tri2/Address/Tri2AddressPostRequest.cs;2
src/EmployerPortal/ViewModels/Integration/Tri2/Address/Tri2AddressPutRequest.cs;2
src/EmployerPortal/ViewModels/Integration/Tri2/Address/Tri2AddressResponse.cs;2
src/EmployerPortal/ViewModels/Integration/Tri2/Company/Tri2CompanyPostRequest.cs;2
src/EmployerPortal/ViewModels/Integration/Tri2/Company/Tri2CompanyPutRequest.cs;2
src/EmployerPortal/ViewModels/Integration/Tri2/Company/Tri2CompanyResponse.cs;2
src/EmployerPortal/ViewModels/Integration/Tri2/ContactPerson/Tri2ContactPersonPostRequest.cs;2
src/EmployerPortal/ViewModels/Integration/Tri2/ContactPerson/Tri2ContactPersonPutRequest.cs;2
src/EmployerPortal/ViewModels/Integration/Tri2/ContactPerson/Tri2ContactPersonResponse.cs;2
src/EmployerPortal/ViewModels/Integration/Tri2/VoucherOrder/Tri2VoucherOrderResponse.cs;2
src/EmployerPortal.Domain/Interfaces/IInvoiceService.cs;2
src/EmployerPortal/Mappers/UserMapper.cs;2
src/EmployerPortal.Test.Unit/Services/PdfServiceTests.cs;2
src/EmployerPortal.Domain/Models/VoucherOrderDetailsDto/VoucherOrderDetailsDto.cs;2
src/EmployerPortal.Data/Migrations/201802121107058_add_extra_integration_fields.resx;2
src/EmployerPortal.Data/Migrations/201802130723236_add_extra_integration_fields.Designer.cs;2
src/EmployerPortal.Data/Migrations/201802130723236_add_extra_integration_fields.cs;2
src/EmployerPortal.Data/Migrations/201802130723236_add_extra_integration_fields.resx;2
src/EmployerPortal.Domain/Helpers/DeliveryHelper.cs;2
src/EmployerPortal.Domain/Integration/Crm/Config/CrmIntegrationConfig.cs;2
src/EmployerPortal.Domain/Integration/Crm/Config/ICrmIntegrationConfig.cs;2
src/EmployerPortal.Data/Enums/CompanySize.cs;2
src/EmployerPortal.Domain/Logger/Logger.cs;2
src/EmployerPortal.Domain/Logger/Policies/HideSensitiveDataPolicy.cs;2
src/EmployerPortal.Domain/Models/PersonDto/CheckPasswordIdentityRequest.cs;2
src/EmployerPortal/Validators/ChangeUserRequestValidator.cs;2
src/EmployerPortal/Validators/UserViewModelValidator.cs;2
src/EmployerPortal/ViewModels/Address/AddressRequestForVoucherOrder.cs;2
src/EmployerPortal/ViewModels/Address/AddressResponseWithId.cs;2
src/EmployerPortal/ViewModels/VoucherOrderByPayment/GetVoucherOrderByPaymentResponse.cs;2
src/EmployerPortal.Data/Interfaces/ICreatable.cs;2
src/EmployerPortal.Domain/Logger/Attributes/SensitiveDataAttribute.cs;2
src/EmployerPortal.Domain/Logger/Serialization/HideSensitiveValueProvider.cs;2
src/EmployerPortal.Domain/Logger/Serialization/LoggingContractResolver.cs;2
src/EmployerPortal/ViewModels/Address/AddressResponseForVoucherOrder.cs;2
src/EmployerPortal/Validators/CreateUserRequestValidator.cs;2
src/EmployerPortal.Domain/Helpers/PaymentHelper.cs;2
src/EmployerPortal.Domain/Logger/Interfaces/IQueryLog.cs;2
src/EmployerPortal/ViewModels/Address/AddressWithCompanyNameViewModel.cs;2
src/EmployerPortal.Domain/Logger/Logs/QueryLog.cs;2
README.md;2
src/EmployerPortal/Validators/EnumAbstractValidator.cs;2
src/EmployerPortal/ViewModels/Company/PutUserCompanyRequest.cs;2
src/Edenred.Common/Enums/UserRole.cs;2
src/Edenred.Common/Extensions/StringExtensions.cs;2
src/Edenred.Common/Models/User.cs;2
src/Edenred.Common/Security/AuthToken.cs;2
src/Edenred.Common/Security/TokenProvider.cs;2
src/Edenred.Common/Services/ITokenService.cs;2
src/Edenred.Common/Services/IUserService.cs;2
src/Edenred.Common/Services/UserService.cs;2
src/Edenred.Common/Telemetry/ILog.cs;2
src/Edenred.Common/Utils/EnumUtils.cs;2
src/EmployerPortal.Data/Migrations/201711220934477_init.Designer.cs;2
src/EmployerPortal.Data/Migrations/201711220934477_init.cs;2
src/EmployerPortal.Domain/Extensions/RequestExtensions.cs;2
src/EmployerPortal.Domain/Helpers/RandomString.cs;2
src/EmployerPortal.Domain/IdObfuscation/Config/ICryptographicIdObfuscatorConfig.cs;2
src/EmployerPortal.Domain/Interfaces/IHttpClientService.cs;2
src/EmployerPortal.Domain/Interfaces/IJsonApiService.cs;2
src/EmployerPortal.Domain/Interfaces/IRandomString.cs;2
src/EmployerPortal.Domain/Maksuturva/Attributes/BooleanFormatterAttribute.cs;2
src/EmployerPortal.Domain/Maksuturva/Attributes/CompositeValidationResult.cs;2
src/EmployerPortal.Domain/Maksuturva/Attributes/EnumFormatterAttribute.cs;2
src/EmployerPortal.Domain/Maksuturva/Attributes/HashIgnoreAttribute.cs;2
src/EmployerPortal.Domain/Maksuturva/Attributes/PropertyNameAttribute.cs;2
src/EmployerPortal.Domain/Maksuturva/Attributes/UriAttribute.cs;2
src/EmployerPortal.Domain/Maksuturva/Attributes/ValidateObjectAttribute.cs;2
src/EmployerPortal.Domain/Maksuturva/Attributes/ValueFormatterAttribute.cs;2
src/EmployerPortal.Domain/Maksuturva/Config/IMaksuturvaConfig.cs;2
src/EmployerPortal.Domain/Maksuturva/Converters/CreatePaymentConverter.cs;2
src/EmployerPortal.Domain/Maksuturva/Interfaces/IMaksuturvaConverter.cs;2
src/EmployerPortal.Domain/Maksuturva/Models/CreatePayment/CreatePaymentLocale.cs;2
src/EmployerPortal.Domain/Maksuturva/Models/CreatePayment/CreatePaymentRequest.cs;2
src/EmployerPortal.Domain/Maksuturva/Models/CreatePayment/CreatePaymentRowItem.cs;2
src/EmployerPortal.Domain/Maksuturva/Models/CreatePayment/CreatePaymentRowType.cs;2
src/EmployerPortal.Domain/Maksuturva/Models/GetPaymentMethods/PaymentMethodImage.cs;2
src/EmployerPortal.Domain/Maksuturva/Models/GetPaymentMethods/PaymentMethodsLocale.cs;2
src/EmployerPortal.Domain/Models/PaymentDto/CreatePaymentResponseDto.cs;2
src/EmployerPortal.Domain/Models/PaymentDto/PaymentStatusDto.cs;2
src/EmployerPortal/Controllers/CountriesController.cs;2
src/EmployerPortal/Mappers/PaymentStatusMapper.cs;2
src/EmployerPortal/ViewModels/PaymentStatuses/PaymentStatusResponse.cs;2
src/EmployerPortal/ViewModels/User/GetUserResponse.cs;2
src/EmployerPortal/ViewModels/User/UserViewModel.cs;2
src/EmployerPortal/ViewModels/Voucher/GetVouchersResponse.cs;2
src/EmployerPortal.Data/Migrations/201711231528479_init.Designer.cs;2
src/EmployerPortal.Data/Migrations/201711231528479_init.cs;2
src/EmployerPortal.Data/Migrations/201711231528479_init.resx;2
src/EmployerPortal.Domain/Models/Enums/OrderHistorySorting.cs;2
src/EmployerPortal.Data/Migrations/201712010728083_init.resx;2
src/EmployerPortal.Data/Migrations/201711220827596_init.resx;2
src/EmployerPortal.Common/Utils/Access.cs;2
src/EmployerPortal.Data/Migrations/201711140621509_ChangeVoucherCodeType.Designer.cs;2
src/EmployerPortal.Data/Migrations/201711140621509_ChangeVoucherCodeType.cs;2
src/EmployerPortal.Data/Migrations/201711140621509_ChangeVoucherCodeType.resx;2
src/EmployerPortal.Domain/Config/IMailConfig.cs;2
src/EmployerPortal.Domain/Config/MailConfig.cs;2
src/EmployerPortal.Domain/Config/AppConfig.cs.orig;2
src/EmployerPortal.Domain/Interfaces/IEdenredIdentityApiService.cs.orig;2
src/EmployerPortal.Domain/StartupRegistration.cs.orig;2
src/EmployerPortal.Test.Unit/Controllers/UsersControllerTests.cs.orig;2
src/EmployerPortal.Test.Unit/Services/EdenredIdentityApiServiceTests.cs.orig;2
src/EmployerPortal/Authorization/IdentityAuthorization.cs.orig;2
src/EmployerPortal/Controllers/LoginController.cs.orig;2
src/EmployerPortal/Controllers/LogoutController.cs.orig;2
src/EmployerPortal/Controllers/PasswordController.cs.orig;2
src/EmployerPortal/Controllers/UsersController.cs.orig;2
src/EmployerPortal/appsettings.json.orig;2
src/EmployerPortal.Domain/Dto/Payment/PaymentMethodDto.cs;2
src/EmployerPortal.Domain/Dto/Payment/PaymentTypeDto.cs;2
src/EmployerPortal.Domain/Maksuturva/Enums/Locale.cs;2
src/EmployerPortal.Domain/Mappers/PaymentMethodDtoMapper.cs;2
src/EmployerPortal/ViewModels/Payment/PaymentRequest.cs;2
src/EmployerPortal.Domain/Interfaces/IIdentityApiService.cs;2
src/EmployerPortal.Domain/Services/IdentityApiService.cs;2
src/EmployerPortal.Test.Unit/Services/IdentityApiServiceTests.cs;2
src/EmployerPortal/IdentityAuthorization.cs;2
src/EmployerPortal/Controllers/VoucherOrderController.cs;2
src/EmployerPortal/ViewModels/Voucher/GetVoucherResponse.cs;2
src/EmployerPortal.Data/Migrations/201709271419063_init.resx;2
src/EmployerPortal.Data/Migrations/201709201402555_init.resx;2
src/EmployerPortal.Data/Migrations/201709200827335_init.Designer.cs;2
src/EmployerPortal.Data/Migrations/201709200827335_init.cs;2
src/EmployerPortal.Data/Migrations/201709200827335_init.resx;2
src/EmployerPortal/ViewModels/Voucher/VoucherDeliveryRequest.cs;2
src/EmployerPortal/ViewModels/Voucher/VoucherOrderDetailsRequest.cs;2
src/EmployerPortal/ViewModels/Voucher/VoucherOrderRequest.cs;2
src/EmployerPortal.Domain/Interfaces/ITokenService.cs;2
src/EmployerPortal/ViewModels/Voucher/VoucherOrderViewModel.cs;2
src/EmployerPortal.Data/Migrations/201709141010581_vo.Designer.cs;2
src/EmployerPortal.Data/Migrations/201709141010581_vo.cs;2
src/EmployerPortal/ViewModels/Voucher/VoucherDeliveryViewModel.cs;2
src/EmployerPortal.Data/Interfaces/IId.cs;2
src/EmployerPortal.Data/Repositories/ContactPersonRepository.cs;2
src/EmployerPortal.Data/Interfaces/IGuidId.cs;2
src/EmployerPortal.Data/Migrations/201707311359377_Initial.resx;2
src/EmployerPortal.Data/Migrations/201708031150429_Initial.Designer.cs;2
src/EmployerPortal.Data/Models/Sample.cs;2
src/EmployerPortal.Domain/Enums/UserRole.cs;2
src/EmployerPortal.Domain/Models/User.cs;2
src/EmployerPortal.Domain/Utils/EnumUtils.cs;2
EmployerPortal.Database/Migrations/Configuration.cs;2
src/EmployerPortal.Data/Model/Sample.cs;2
src/Edenred.Common/Telemetry/Log.cs;2
src/Edenred.Common/Extensions/ConfigurationRootExtensions.cs;2
src/EmployerPortal/Config/DataConfig.cs;2
src/EmployerPortal/Config/JsonConfig.cs;2
src/EmployerPortal/Properties/PublishProfiles/nueve - Web Deploy-publish.ps1;2
src/EmployerPortal/Properties/PublishProfiles/nueve-api-test-app - Web Deploy-publish.ps1;2
src/EmployerPortal/Properties/PublishProfiles/publish-module.psm1;2
src/EmployerPortal/Properties/PublishProfiles/vr-users-api-app - Web Deploy-publish.ps1;2
src/EmployerPortal.Common/Extensions/ModelStateDictionaryExtensions.cs;1
NuGet.Config;1
src/EmployerPortal.Common/Hangfire/Filters/HangfireJobsLogFilter.cs;1
src/EmployerPortal.Test.Integration/Fakes/LoggerFake.cs;1
src/EmployerPortal.Data/Migrations/201807190959237_add_beneficiaries.Designer.cs;1
src/EmployerPortal.Data/Migrations/201807190959237_add_beneficiaries.resx;1
src/EmployerPortal.Domain/Integration/Tri2/Service/Tri2ServiceBase.cs;1
src/EmployerPortal.Data/Migrations/201807110923507_add_flag_without_reference_number.Designer.cs;1
src/EmployerPortal.Data/Migrations/201807110923507_add_flag_without_reference_number.resx;1
src/EmployerPortal/Mappers/ObfuscatedIdMapper.cs;1
src/EmployerPortal/ViewModels/ObfuscatedIdViewModel.cs;1
src/EmployerPortal/ViewModels/Beneficiary/CreateBeneficiaryResponse.cs;1
src/EmployerPortal.Domain/Models/BeneficiaryDto/ChangeBeneficiaryIdentityRequest.cs;1
src/EmployerPortal.Test.Unit/ModelValidation/ChangeBeneficiaryRequestValidatorTests.cs;1
src/EmployerPortal/Validators/Address/AddressRequestForVoucherOrderValidator.cs;1
src/EmployerPortal/Validators/Address/AddressValidator.cs;1
src/EmployerPortal/Validators/Address/AddressWithTypeValidator.cs;1
src/EmployerPortal/Validators/Beneficiary/ChangeBeneficiaryRequestValidator.cs;1
src/EmployerPortal/Validators/Company/BusinessIdValidator.cs;1
src/EmployerPortal/Validators/Company/ChangeCompanyInfoValidator.cs;1
src/EmployerPortal/Validators/Company/CreateCompanyRequestValidator.cs;1
src/EmployerPortal/Validators/User/ChangeUserRequestValidator.cs;1
src/EmployerPortal/Validators/User/CreateUserRequestValidator.cs;1
src/EmployerPortal/Validators/User/CreateUserWithCompanyRequestValidator.cs;1
src/EmployerPortal/Validators/User/EmailValidator.cs;1
src/EmployerPortal/Validators/User/PhoneNumberValidator.cs;1
src/EmployerPortal/Validators/User/UserViewModelValidator.cs;1
src/EmployerPortal/Validators/VoucherOrder/AddVoucherOrderPaymentRequestValidator.cs;1
src/EmployerPortal/Validators/VoucherOrder/CreatePaymentRequestValidator.cs;1
src/EmployerPortal/Validators/VoucherOrder/CreateVoucherOrderDetailsValidator.cs;1
src/EmployerPortal/Validators/VoucherOrder/CreateVoucherOrderRequestBaseValidator.cs;1
src/EmployerPortal/Validators/VoucherOrder/CreateVoucherOrderRequestValidator.cs;1
src/EmployerPortal/Validators/VoucherOrder/PaymentValidator.cs;1
src/EmployerPortal/ViewModels/Beneficiary/BeneficiaryViewModel.cs;1
src/EmployerPortal/ViewModels/Beneficiary/ChangeBeneficiaryRequest.cs;1
src/EmployerPortal.Domain/Mappers/BeneficiaryMapper.cs;1
src/EmployerPortal.Domain/Models/BeneficiaryDto/GetBeneficiariesIdentityRequest.cs;1
src/EmployerPortal.Domain/Models/OrderDto/GetOrdersRequest.cs;1
src/EmployerPortal.Domain/Models/BeneficiaryDto/CreateBeneficiaryIdentityRequest.cs;1
src/EmployerPortal.Test.Unit/ModelValidation/CreateBeneficiaryRequestValidatorTests.cs;1
src/EmployerPortal/Validators/CreateBeneficiaryRequestValidator.cs;1
src/EmployerPortal/ViewModels/Beneficiary/BeneficiaryAddressViewModel.cs;1
src/EmployerPortal.Data/Enums/BenefityType.cs;1
src/EmployerPortal.Data/Enums/DeductionType.cs;1
src/EmployerPortal.Data/Enums/EmploymentType.cs;1
src/EmployerPortal.Data/Migrations/201806150914008_add_beneficiaries.Designer.cs;1
src/EmployerPortal.Data/Migrations/201806150914008_add_beneficiaries.cs;1
src/EmployerPortal.Data/Models/BenefityTypeEnum.cs;1
src/EmployerPortal.Data/Models/DeductionTypeEnum.cs;1
src/EmployerPortal.Data/Models/EmploymentTypeEnum.cs;1
src/EmployerPortal.Domain/Integration/Tri2/Models/Address/AddressPartialUpdateTri2.cs;1
src/EmployerPortal.Domain/Integration/Tri2/Models/Address/AddressTri2.cs;1
src/EmployerPortal.Domain/Integration/Tri2/Models/Company/CompanyPartialUpdateTri2.cs;1
src/EmployerPortal.Domain/Integration/Tri2/Models/Company/CompanyTri2.cs;1
src/EmployerPortal.Domain/Integration/Tri2/Models/ContactPerson/ContactPersonPartialUpdateTri2.cs;1
src/EmployerPortal.Domain/Integration/Tri2/Models/ContactPerson/ContactPersonTri2.cs;1
src/EmployerPortal.Domain/Integration/Tri2/Models/VoucherOrder/VoucherOrderFullTri2.cs;1
src/EmployerPortal.Domain/Integration/Tri2/Models/VoucherOrder/VoucherOrderTri2.cs;1
src/EmployerPortal.HtmlGenerator/Templates/NewUserAddedTemplate.html;1
src/EmployerPortal.HtmlGenerator/ViewModels/NewUserAddedViewModel.cs;1
src/EmployerPortal.Test.Unit/EntityEvents/ContactCreatedEntityEventTests.cs;1
src/EmployerPortal.Data/Migrations/201806130622514_reseed_companies.Designer.cs;1
src/EmployerPortal.Data/Migrations/201806130622514_reseed_companies.resx;1
src/EmployerPortal.Domain/Extensions/AddressExtensions.cs;1
src/EmployerPortal.HtmlGenerator/ViewModels/VoucherOrderShippedEmailViewModel.cs;1
src/EmployerPortal.Test.Unit/EntityEvents/PaymentUpdatedEntityEventTests.cs;1
src/EmployerPortal.Domain/Extensions/OperationResultExtensions.cs;1
src/EmployerPortal.Domain/Interfaces/IContactService.cs;1
src/EmployerPortal.Domain/Services/ContactService.cs;1
src/EmployerPortal.Test.Unit/Controllers/ContactsControllerTests.cs;1
src/EmployerPortal.Test.Unit/Services/ContactServiceTests.cs;1
src/EmployerPortal/Controllers/ContactsController.cs;1
src/EmployerPortal.Data/EntityEventData.cs;1
src/EmployerPortal.Data/Interfaces/EntityEvents/IEntityEvent.cs;1
src/EmployerPortal.Data/Interfaces/EntityEvents/IEntityEventGeneric.cs;1
src/EmployerPortal.Data/Interfaces/EntityEvents/IEntityEventOnCreateGeneric.cs;1
src/EmployerPortal.Domain/Helpers/ScopeDateTimeOffset.cs;1
src/EmployerPortal.Domain/Interfaces/IScopeDateTimeOffset.cs;1
src/EmployerPortal.Common/Hangfire/Filtres/HangfireJobsLogFilter.cs;1
src/EmployerPortal.HtmlGenerator/ViewModels/IEmailViewModel.cs;1
src/EmployerPortal.Domain/Models/Password/ChangePasswordResponse.cs;1
src/EmployerPortal.Domain/Models/PersonDto/CreateUserResponseDto.cs;1
src/EmployerPortal/ViewModels/User/CreateUserResponse.cs;1
src/EmployerPortal.Domain/Config/EmailTitleConfig.cs;1
src/EmployerPortal/ViewModels/TermsAndConditions/AcceptTermsAndConditionsRequest.cs;1
src/EmployerPortal.Data/Migrations/201805090901086_add_company_updated_by.Designer.cs;1
src/EmployerPortal.Data/Migrations/201805090901086_add_company_updated_by.resx;1
src/EmployerPortal.Common/Hangfire/Interfaces/IHangfireConfig.cs;1
src/EmployerPortal.Common/Hangfire/Interfaces/IHangfireJobs.cs;1
src/EmployerPortal.Common/Hangfire/Service/HangfireJobs.cs;1
src/EmployerPortal.Test.Integration/appsettings.Dev.json;1
src/EmployerPortal.Test.Integration/appsettings.QA.json;1
src/EmployerPortal.Domain/Integration/Tri2/Models/AddressTri2.cs;1
src/EmployerPortal.Domain/Integration/Tri2/Models/CompanyTri2.cs;1
src/EmployerPortal.Domain/Integration/Tri2/Models/ContactPersonTri2.cs;1
src/EmployerPortal.Domain/Integration/Tri2/Models/VoucherOrderFullTri2.cs;1
src/EmployerPortal.Domain/Integration/Tri2/Models/VoucherOrderPartialUpdateTri2.cs;1
src/EmployerPortal.Domain/Integration/Tri2/Models/VoucherOrderTri2.cs;1
src/EmployerPortal.Domain/Integration/Tri2/Sync/ITri2Process.cs;1
src/EmployerPortal.Domain/Config/IIdentityConfig.cs;1
src/EmployerPortal.Test.Integration/Controllers/LogoutControllerTests.cs;1
src/EmployerPortal.Test.Integration/Controllers/PaymentMethodsControllerTests.cs;1
src/EmployerPortal.Test.Integration/Fakes/MaksuturvaClientFake.cs;1
src/EmployerPortal.Common/Model/OperationalStatus.cs;1
src/EmployerPortal.Common/Resources/Descriptions.Designer.cs;1
src/EmployerPortal.Common/Resources/Descriptions.resx;1
src/EmployerPortal.Maksuturva/Attributes/BooleanFormatterAttribute.cs;1
src/EmployerPortal.Maksuturva/Attributes/CompositeValidationResult.cs;1
src/EmployerPortal.Maksuturva/Attributes/EnumFormatterAttribute.cs;1
src/EmployerPortal.Maksuturva/Attributes/HashIgnoreAttribute.cs;1
src/EmployerPortal.Maksuturva/Attributes/OptionalStringLengthAttribute.cs;1
src/EmployerPortal.Maksuturva/Attributes/PropertyNameAttribute.cs;1
src/EmployerPortal.Maksuturva/Attributes/UriAttribute.cs;1
src/EmployerPortal.Maksuturva/Attributes/ValidateObjectAttribute.cs;1
src/EmployerPortal.Maksuturva/Attributes/ValueFormatterAttribute.cs;1
src/EmployerPortal.Maksuturva/Client/IMaksuturvaClient.cs;1
src/EmployerPortal.Maksuturva/Config/IMaksuturvaConfig.cs;1
src/EmployerPortal.Maksuturva/Config/MaksuturvaConfig.cs;1
src/EmployerPortal.Maksuturva/Converters/BaseMaksuturvaConverter.cs;1
src/EmployerPortal.Maksuturva/Converters/CheckPaymentStatusConverter.cs;1
src/EmployerPortal.Maksuturva/Converters/CreatePaymentConverter.cs;1
src/EmployerPortal.Maksuturva/EmployerPortal.Maksuturva.csproj;1
src/EmployerPortal.Maksuturva/Interfaces/ICheckPaymentStatusConverter.cs;1
src/EmployerPortal.Maksuturva/Interfaces/ICreatePaymentConverter.cs;1
src/EmployerPortal.Maksuturva/Interfaces/IMaksuturvaConverter.cs;1
src/EmployerPortal.Maksuturva/Interfaces/IValueFormatter.cs;1
src/EmployerPortal.Maksuturva/Models/CheckPaymentStatus/CheckPaymentStatusRequest.cs;1
src/EmployerPortal.Maksuturva/Models/CheckPaymentStatus/CheckPaymentStatusResponse.cs;1
src/EmployerPortal.Maksuturva/Models/CheckPaymentStatus/PaymentStatusCode.cs;1
src/EmployerPortal.Maksuturva/Models/CreatePayment/CreatePaymentLocale.cs;1
src/EmployerPortal.Maksuturva/Models/CreatePayment/CreatePaymentRequest.cs;1
src/EmployerPortal.Maksuturva/Models/CreatePayment/CreatePaymentRowItem.cs;1
src/EmployerPortal.Maksuturva/Models/CreatePayment/CreatePaymentRowType.cs;1
src/EmployerPortal.Maksuturva/Models/GetPaymentMethods/PaymentMethod.cs;1
src/EmployerPortal.Maksuturva/Models/GetPaymentMethods/PaymentMethodImage.cs;1
src/EmployerPortal.Maksuturva/Models/GetPaymentMethods/PaymentMethods.cs;1
src/EmployerPortal.Maksuturva/Models/GetPaymentMethods/PaymentMethodsLocale.cs;1
src/EmployerPortal.Domain/Models/Authorization/LoginResponse.cs;1
src/EmployerPortal.Domain/Models/InvoiceData.cs;1
src/EmployerPortal.Domain/Models/PersonDto/ChangePersonIdentityRequest.cs;1
src/EmployerPortal.HtmlGenerator/IHtmlTemplateService.cs;1
src/EmployerPortal.Domain/Models/OrderDto/OrderWithPaymentDto.cs;1
src/EmployerPortal.Domain/Models/Password/ResetPasswordRequest.cs;1
src/EmployerPortal.Domain/Models/ForgotCredentials/ResetPasswordTokenResponse.cs;1
src/EmployerPortal.Domain/Interfaces/IHtmlTemplateService.cs;1
src/EmployerPortal.Domain/Services/HtmlTemplateService.cs;1
src/EmployerPortal.Data/Migrations/201802150745014_add_additional_fields_to_order.Designer.cs;1
src/EmployerPortal.Data/Migrations/201802150745014_add_additional_fields_to_order.resx;1
src/EmployerPortal.Domain/Mappers/VoucherOrderDetailsMapper.cs;1
src/EmployerPortal.Data/Migrations/201802141140183_PaymentUniqId.Designer.cs;1
src/EmployerPortal.Data/Migrations/201802141140183_PaymentUniqId.resx;1
src/EmployerPortal.Data/Migrations/201802121107058_add_extra_integration_fields.Designer.cs;1
src/EmployerPortal.Data/Migrations/201802121107058_add_extra_integration_fields.cs;1
src/EmployerPortal.Domain/Extensions/VoucherOrderExtensions.cs;1
src/EmployerPortal.Data/Interfaces/IPaymentRepository.cs;1
src/EmployerPortal/ViewModels/VoucherOrderByPayment/AddVoucherOrderPaymentRequest.cs;1
src/EmployerPortal.Test.Integration/Fakes/FileProviderFake.cs;1
src/EmployerPortal.Domain/Models/PaymentDto/PaymentDto.cs;1
src/EmployerPortal/ViewModels/VoucherOrder/GetVoucherOrderByPaymentResponse.cs;1
src/EmployerPortal.Data/Migrations/201802061043501_Add_company_size.Designer.cs;1
src/EmployerPortal.Data/Migrations/201802061043501_Add_company_size.resx;1
src/EmployerPortal.Domain/Logger/Policies/GetablePropertiesExtensions.cs;1
src/EmployerPortal/Validators/AddressRequestForVoucherOrderValidator.cs;1
src/EmployerPortal.Data/Migrations/201801260957086_add_payment_index.Designer.cs;1
src/EmployerPortal.Data/Migrations/201801260957086_add_payment_index.resx;1
src/EmployerPortal.Data/Migrations/201801260806212_add_payment_public_id.Designer.cs;1
src/EmployerPortal.Data/Migrations/201801260806212_add_payment_public_id.resx;1
src/EmployerPortal/ViewModels/PaymentMethods/PaymentMethodViewModel.cs;1
src/EmployerPortal.Domain/Logger/Models/QueryLog.cs;1
src/EmployerPortal.Domain/Resources/Descriptions.Designer.cs;1
src/EmployerPortal.Domain/Resources/Descriptions.resx;1
src/EmployerPortal/Validators/CreateVoucherOrderDetailsValidator.cs;1
src/EmployerPortal/ViewModels/VoucherOrder/CreateVoucherOrderDetailsRequest.cs;1
src/EmployerPortal.Test.Integration/TestServerStartup.cs;1
src/EmployerPortal.Data/Migrations/201801101014171_address_company_name.Designer.cs;1
src/EmployerPortal.Data/Migrations/201801101014171_address_company_name.resx;1
src/EmployerPortal.Domain/Logger/Middlewares/LogResponseMiddleware.cs;1
src/EmployerPortal.Domain/Logger/Attributes/EnableLoggerAttribute.cs;1
src/EmployerPortal.Domain/Logger/Config/LoggerConfig.cs;1
src/EmployerPortal.Domain/Logger/Interfaces/ILogger.cs;1
src/EmployerPortal.Domain/Logger/Interfaces/ILoggerConfig.cs;1
src/EmployerPortal.Migrator/EmployerPortal.Migrator.csproj;1
src/EmployerPortal.Migrator/ReadMe.txt;1
src/EmployerPortal/Validators/IOnDemandValidator.cs;1
src/EmployerPortal.Data/Interfaces/IEntityWithKey.cs;1
src/EmployerPortal.Domain/Attributes/DbField.cs;1
src/EmployerPortal.Data/Migrations/201712061215289_init.Designer.cs;1
src/EmployerPortal.Data/Migrations/201712010728083_init.Designer.cs;1
src/EmployerPortal.Data/Migrations/201712010728083_init.cs;1
src/EmployerPortal.Domain/Models/PersonDto/CreatePersonIdentityRequest.cs;1
src/EmployerPortal.Domain/Models/PersonDto/GetPersonIdentityResponse.cs;1
src/EmployerPortal.Domain/Models/PersonDto/PersonDto.cs;1
src/EmployerPortal.Domain/Models/VoucherOrderDto/VoucherOrderDto.cs;1
src/EmployerPortal/web.Staging.config;1
src/EmployerPortal.Domain/Dto/CreatePayment/CreatePaymentRequestDto.cs;1
src/EmployerPortal.Domain/Dto/CreatePayment/CreatePaymentResponseDto.cs;1
src/EmployerPortal/ViewModels/PaymentRequestViewModel.cs;1
src/EmployerPortal/ViewModels/PaymentResponseViewModel.cs;1
src/EmployerPortal.Data/Migrations/201710040635364_init.Designer.cs;1
src/EmployerPortal.Data/Migrations/201710030901579_init.Designer.cs;1
src/EmployerPortal.Data/Migrations/201710030901579_init.cs;1
src/EmployerPortal.Data/Migrations/201710030901579_init.resx;1
src/EmployerPortal.Data/Migrations/201710030738588_init.Designer.cs;1
src/EmployerPortal.Data/Migrations/201710030738588_init.cs;1
src/EmployerPortal.Data/Migrations/201709271419063_init.Designer.cs;1
src/EmployerPortal.Data/Migrations/201709271419063_init.cs;1
src/EmployerPortal.Domain/Services/VoucherOrderOrderService.cs;1
src/EmployerPortal.Data/Migrations/201709200948307_init.resx;1
src/EmployerPortal.Data/Migrations/201709201402555_init.Designer.cs;1
src/EmployerPortal/ViewModels/Voucher/GetVoucherOrderResponse.cs;1
src/EmployerPortal.Data/Migrations/201709081425574_voucher-order.Designer.cs;1
src/EmployerPortal.Data/Migrations/201709081425574_voucher-order.cs;1
src/EmployerPortal/ViewModels/Voucher/DeliveryViewModel.cs;1
src/EmployerPortal/ViewModels/Voucher/VoucherOrderDetailsViewModel.cs;1
src/EmployerPortal.Domain/Attributes/IdOfuscationAttribute.cs;1
src/EmployerPortal.Data/Migrations/201708110804248_Initial.Designer.cs;1
src/EmployerPortal.Data/Migrations/201708080933411_Initial.Designer.cs;1
src/EmployerPortal.Data/Migrations/201708080933411_Initial.cs;1
src/EmployerPortal.Data/Migrations/201708080933411_Initial.resx;1
src/EmployerPortal.Data/Migrations/201708040923237_Initial.Designer.cs;1
src/EmployerPortal.Data/Migrations/201708040923237_Initial.cs;1
src/EmployerPortal.Data/Migrations/201708040923237_Initial.resx;1
src/EmployerPortal.Data/Interfaces/IContactPersonRepository.cs;1
src/EmployerPortal.Data/Migrations/201708031150429_Initial.cs;1
src/EmployerPortal.Data/Migrations/201708031150429_Initial.resx;1
src/EmployerPortal/Mappers/ContactPersonMapper.cs;1
src/EmployerPortal/ViewModels/ContactPersonViewModel.cs;1
src/EmployerPortal.Data/Migrations/201707311359377_Initial.Designer.cs;1
src/EmployerPortal.Domain/Extensions/ConfigurationRootExtensions.cs;1
src/EmployerPortal.Domain/Extensions/StringExtensions.cs;1
EmployerPortal.Database/App.config;1
EmployerPortal.Database/DataContext.cs;1
EmployerPortal.Database/DataInitializer.cs;1
EmployerPortal.Database/EmployerPortal.Database.csproj;1
EmployerPortal.Database/Migrations/201707311232467_Initial.Designer.cs;1
EmployerPortal.Database/Migrations/201707311232467_Initial.cs;1
EmployerPortal.Database/Migrations/201707311232467_Initial.resx;1
EmployerPortal.Database/Model/Sample.cs;1
EmployerPortal.Database/Properties/AssemblyInfo.cs;1
EmployerPortal.Database/packages.config;1
src/EmployerPortal.Data/EmployerPortalContext.cs;1
.gitattributes;1
src/EmployerPortal.Common/CommonInstaller.cs;1
src/EmployerPortal.Common/Config/AppConfig.cs;1
src/EmployerPortal.Common/Config/IAppConfig.cs;1
src/EmployerPortal.Common/Enums/UserRole.cs;1
src/EmployerPortal.Common/Models/User.cs;1
src/EmployerPortal.Common/Security/AuthToken.cs;1
src/EmployerPortal.Common/Security/TokenProvider.cs;1
src/EmployerPortal.Common/Services/ITokenService.cs;1
src/EmployerPortal.Common/Services/IUserService.cs;1
src/EmployerPortal.Common/Services/TokenService.cs;1
src/EmployerPortal.Common/Services/UserService.cs;1
src/EmployerPortal.Common/Telemetry/ILog.cs;1
src/EmployerPortal.Common/Telemetry/Log.cs;1
src/EmployerPortal.Common/Utils/EnumUtils.cs;1
